	level_0	index	name	desc	type	egg_group
0	0	0	이상해씨	"아기개구리형 포켓몬스터로 얼룩덜룩한 피부를 가지고 있다. 등에는 초록색 봉우리를 가지고 있으며, 초록색 피부를 가지고 있다. 풀 타입의 특성을 가지고 있다."	"풀,독"	"괴수,식물"
1	1	1	이상해풀	조금 파란색의 얼룩덜룩한 피부를 가지고 있다. 몸통은 개구리형이고 등에는 붉은색의 꽃 봉우리를 가지고 있으며 잎사귀도 함께 있다. 특성은 풀 타입이다.	"풀,독"	"괴수,식물"
2	2	2	이상해꽃	"험상궃은 두꺼비형 포켓몬스터이다. 풀타입의 포켓몬이지만, 두꺼비처럼 생겼다. 개화한 꽃 봉우리를 등에 가지고 있으며, 잎사귀도 함께 있다."	"풀,독"	"괴수,식물"
3	3	3	파이리	불꽃 특성의 포켓몬. 아기공룡 모양의 포켓몬스터이다. 주황색 피부를 가지고 있으며 둥근 머리를 가지고 있다. 꼬리에는 불꽃을 지니고 있다.	불꽃	"괴수,드래곤"
4	4	4	리자드	"불꽃 특성의 포켓몬이다. 각진 머리를 가진 공룡 모양의 포켓몬스터. 붉은 색 피부를 가지고 있으며, 배의 피부는 하얗다."	불꽃	"괴수,드래곤"
5	5	5	리자몽	날개를 가진 공룡모양의 포켓몬이다. 불꽃을 꼬리에 지니고 있으며 주황색 피부와 익룡의 날개를 가지고 있다.	"불꽃,비행"	"괴수,드래곤"
6	6	6	꼬부기	"아기 거북이 모양의 포켓몬이다. 거북이의 특성인 물 특성의 포켓몬스터이고 하늘색의 피부와 둥근 머리를 가지고 있으며, 초롱초롱한 눈이 특징이다."	물	"괴수,수중1"
7	7	7	어니부기	거북이 모양의 포켓몬이다. 파도 모양의 하얀색 꼬리와 파란색 피부를 가지고 있다.	물	"괴수,수중1"
8	8	8	거북왕	"큰 등껍질을 가지고 있으며, 왕 거북이 모양의 포켓몬이다. 등에는 두개의 대포를 가지고 있다."	물	"괴수,수중1"
9	9	9	캐터피	벌레 속성을 가진 애벌레 포켓몬스터이다. 검은색 눈동자를 지니고 있다.	벌레	벌레
10	10	10	단데기	벌레 속성의 번데기 모양의 포켓몬스터이다. 졸린 눈을 가지고 있다.	벌레	벌레
11	11	11	버터플	나비 모양의 포켓몬스터이다. 하얀 날개를 가지고 있으며 보라색 몸통을 가지고 있다.	"벌레,비행"	벌레
12	12	12	뿔충이	지렁이 모양의 포켓몬스터이다. 갈색 피부와 작은 눈을 가지고 있다. 머리에는 뿔을 가지고 있으며 둥근 얼굴을 가지고 있다.	"벌레,독"	벌레
13	13	13	딱충이	번데이 모양을 가지고 있다. 노란색의 피부를 지니고 있다.	"벌레,독"	벌레
14	14	14	독침붕	벌 모양의 포켓몬스터. 벌레 속성을 지니고 있고 손에는 하얀색 침을 가지고 있다.	"벌레,독"	벌레
15	15	15	구구	새 모양의 포켓몬스터. 날카로운 발톱을 가지고 있다.	"노말,비행"	비행
16	16	16	피죤		"노말,비행"	비행
17	17	17	피죤투		"노말,비행"	비행
18	18	18	꼬렛		노말	육상
19	19	19	레트라		노말	육상
20	20	20	깨비참		"노말,비행"	비행
21	21	21	깨비드릴조		"노말,비행"	비행
22	22	22	아보		독	"육상,드래곤"
23	23	23	아보크		독	"육상,드래곤"
24	24	24	피카츄		전기	"육상,요정"
25	25	25	라이츄		전기	"육상,요정"
26	26	26	모래두지		땅	육상
27	27	27	고지		땅	육상
28	28	28	니드런♀		독	"괴수,육상"
29	29	29	니드리나		독	알미발견
30	30	30	니드퀸		"독,땅"	알미발견
31	31	31	니드런♂		독	"괴수,육상"
32	32	32	니드리노		독	"괴수,육상"
33	33	33	니드킹		"독,땅"	"괴수,육상"
34	34	34	삐삐		"페어리,노말"	요정
35	35	35	픽시		"페어리,노말"	요정
36	36	36	식스테일		불꽃	육상
37	37	37	나인테일		불꽃	육상
38	38	38	푸린		"노말,페어리,노말"	요정
39	39	39	푸크린		"노말,페어리,노말"	요정
40	40	40	주뱃		"독,비행"	비행
41	41	41	골뱃		"독,비행"	비행
42	42	42	뚜벅쵸		"풀,독"	식물
43	43	43	냄새꼬		"풀,독"	식물
44	44	44	라플레시아		"풀,독"	식물
45	45	45	파라스		"벌레,풀"	"벌레,식물"
46	46	46	파라섹트		"벌레,풀"	"벌레,식물"
47	47	47	콘팡		"벌레,독"	벌레
48	48	48	도나리		"벌레,독"	벌레
49	49	49	디그다		땅	육상
50	50	50	닥트리오		땅	육상
51	51	51	나옹		노말	육상
52	52	52	페르시온		노말	육상
53	53	53	고라파덕		물	"수중1,육상"
54	54	54	골덕		물	"수중1,육상"
55	55	55	망키		격투	육상
56	56	56	성원숭		격투	육상
57	57	57	가디		불꽃	육상
58	58	58	윈디		불꽃	육상
59	59	59	발챙이		물	수중1
60	60	60	슈륙챙이		물	수중1
61	61	61	강챙이		"물,격투"	수중1
62	62	62	캐이시		에스퍼	인간형
63	63	63	윤겔라		에스퍼	인간형
64	64	64	후딘		에스퍼	인간형
65	65	65	알통몬		격투	인간형
66	66	66	근육몬		격투	인간형
67	67	67	괴력몬		격투	인간형
68	68	68	모다피		"풀,독"	식물
69	69	69	우츠동		"풀,독"	식물
70	70	70	우츠보트		"풀,독"	식물
71	71	71	왕눈해		"물,독"	수중3
72	72	72	독파리		"물,독"	수중3
73	73	73	꼬마돌		"바위,땅"	광물
74	74	74	데구리		"바위,땅"	광물
75	75	75	딱구리		"바위,땅"	광물
76	76	76	포니타		불꽃	육상
77	77	77	날쌩마		불꽃	육상
78	78	78	야돈		"물,에스퍼"	"괴수,수중1"
79	79	79	야도란		"물,에스퍼"	"괴수,수중1"
80	80	80	코일		"전기,강철,전기"	광물
81	81	81	레어코일		"전기,강철,전기"	광물
82	82	82	파오리		"노말,비행"	"육상,비행"
83	83	83	두두		"노말,비행"	비행
84	84	84	두트리오		"노말,비행"	비행
85	85	85	쥬쥬		물	"육상,수중1"
86	86	86	쥬레곤		"물,얼음"	"육상,수중1"
87	87	87	질퍽이		독	부정형
88	88	88	질뻐기		독	부정형
89	89	89	셀러		물	수중3
90	90	90	파르셀		"물,얼음"	수중3
91	91	91	고오스		"고스트,독"	부정형
92	92	92	고우스트		"고스트,독"	부정형
93	93	93	팬텀		"고스트,독"	부정형
94	94	94	롱스톤		"바위,땅"	광물
95	95	95	슬리프		에스퍼	인간형
96	96	96	슬리퍼		에스퍼	인간형
97	97	97	크랩		물	수중3
98	98	98	킹크랩		물	수중3
99	99	99	찌리리공		전기	광물
100	100	100	붐볼		전기	광물
101	101	101	아라리		"풀,에스퍼"	식물
102	102	102	나시		"풀,에스퍼"	식물
103	103	103	탕구리		땅	괴수
104	104	104	텅구리		땅	괴수
105	105	105	시라소몬		격투	인간형
106	106	106	홍수몬		격투	인간형
107	107	107	내루미		노말	괴수
108	108	108	또가스		독	부정형
109	109	109	또도가스		독	부정형
110	110	110	뿔카노		"땅,바위"	"괴수,육상"
111	111	111	코뿌리		"땅,바위"	"괴수,육상"
112	112	112	럭키		노말	요정
113	113	113	덩쿠리		풀	식물
114	114	114	캥카		노말	괴수
115	115	115	쏘드라		물	"드래곤,수중1"
116	116	116	시드라		물	"드래곤,수중1"
117	117	117	콘치		물	수중2
118	118	118	왕콘치		물	수중2
119	119	119	별가사리		물	수중3
120	120	120	아쿠스타		"물,에스퍼"	수중3
121	121	121	마임맨		"에스퍼,페어리,에스퍼"	인간형
122	122	122	스라크		"벌레,비행"	벌레
123	123	123	루주라		"얼음,에스퍼"	인간형
124	124	124	에레브		전기	인간형
125	125	125	마그마		불꽃	인간형
126	126	126	쁘사이저		벌레	벌레
127	127	127	켄타로스		노말	육상
128	128	128	잉어킹		물	"드래곤,수중2"
129	129	129	갸라도스		"물,비행"	"드래곤,수중2"
130	130	130	라프라스		"물,얼음"	"괴수,수중1"
131	131	131	메타몽		노말	메타몽
132	132	132	이브이		노말	육상
133	133	133	샤미드		물	육상
134	134	134	쥬피썬더		전기	육상
135	135	135	부스터		불꽃	육상
136	136	136	폴리곤		노말	광물
137	137	137	암나이트		"바위,물"	"수중1,수중3"
138	138	138	암스타		"바위,물"	"수중1,수중3"
139	139	139	투구		"바위,물"	"수중1,수중3"
140	140	140	투구푸스		"바위,물"	"수중1,수중3"
141	141	141	프테라		"바위,비행"	비행
142	142	142	잠만보		노말	괴수
143	143	143	프리져		"얼음,비행"	알미발견
144	144	144	썬더		"전기,비행"	알미발견
145	145	145	파이어		"불꽃,비행"	알미발견
146	146	146	미뇽		드래곤	"드래곤,수중1"
147	147	147	신뇽		드래곤	"드래곤,수중1"
148	148	148	망나뇽		"드래곤,비행"	"드래곤,수중1"
149	149	149	뮤츠		에스퍼	알미발견
150	150	150	뮤		에스퍼	알미발견
151	151	0	치코리타		풀	"괴수,식물"
152	152	1	베이리프		풀	"괴수,식물"
153	153	2	메가니움		풀	"괴수,식물"
154	154	3	브케인		불꽃	육상
155	155	4	마그케인		불꽃	육상
156	156	5	블레이범		불꽃	육상
157	157	6	리아코		물	"괴수,수중1"
158	158	7	엘리게이		물	"괴수,수중1"
159	159	8	장크로다일		물	"괴수,수중1"
160	160	9	꼬리선		노말	육상
161	161	10	다꼬리		노말	육상
162	162	11	부우부		"노말,비행"	비행
163	163	12	야부엉		"노말,비행"	비행
164	164	13	레디바		"벌레,비행"	벌레
165	165	14	레디안		"벌레,비행"	벌레
166	166	15	페이검		"벌레,독"	벌레
167	167	16	아리아도스		"벌레,독"	벌레
168	168	17	크로뱃		"독,비행"	비행
169	169	18	초라기		"물,전기"	수중2
170	170	19	랜턴		"물,전기"	수중2
171	171	20	피츄		전기	알미발견
172	172	21	삐		"페어리,노말"	알미발견
173	173	22	푸푸린		"노말,페어리,노말"	알미발견
174	174	23	토게피		"페어리,노말"	알미발견
175	175	24	토게틱		"페어리,비행,노말,비행"	"비행,요정"
176	176	25	네이티		"에스퍼,비행"	비행
177	177	26	네이티오		"에스퍼,비행"	비행
178	178	27	메리프		전기	"괴수,육상"
179	179	28	보송송		전기	"괴수,육상"
180	180	29	전룡		전기	"괴수,육상"
181	181	30	아르코		풀	식물
182	182	31	마릴		"물,페어리,물"	"수중1,요정"
183	183	32	마릴리		"물,페어리,물"	"수중1,요정"
184	184	33	꼬지모		바위	광물
185	185	34	왕구리		물	수중1
186	186	35	통통코		"풀,비행"	"요정,식물"
187	187	36	두코		"풀,비행"	"요정,식물"
188	188	37	솜솜코		"풀,비행"	"요정,식물"
189	189	38	에이팜		노말	육상
190	190	39	해너츠		풀	식물
191	191	40	해루미		풀	식물
192	192	41	왕자리		"벌레,비행"	벌레
193	193	42	우파		"물,땅"	"수중1,육상"
194	194	43	누오		"물,땅"	"수중1,육상"
195	195	44	에브이		에스퍼	육상
196	196	45	블래키		악	육상
197	197	46	니로우		"악,비행"	비행
198	198	47	야도킹		"물,에스퍼"	"괴수,수중1"
199	199	48	무우마		고스트	부정형
200	200	49	안농		에스퍼	알미발견
201	201	50	마자용		에스퍼	부정형
202	202	51	키링키		"노말,에스퍼"	육상
203	203	52	피콘		벌레	벌레
204	204	53	쏘콘		"벌레,강철"	벌레
205	205	54	노고치		노말	육상
206	206	55	글라이거		"땅,비행"	벌레
207	207	56	강철톤		"강철,땅"	광물
208	208	57	블루		"페어리,노말"	"육상,요정"
209	209	58	그랑블루		"페어리,노말"	"육상,요정"
210	210	59	침바루		"물,독"	수중2
211	211	60	핫삼		"벌레,강철"	벌레
212	212	61	단단지		"벌레,바위"	벌레
213	213	62	헤라크로스		"벌레,격투"	벌레
214	214	63	포푸니		"악,얼음"	육상
215	215	64	깜지곰		노말	육상
216	216	65	링곰		노말	육상
217	217	66	마그마그		불꽃	부정형
218	218	67	마그카르고		"불꽃,바위"	부정형
219	219	68	꾸꾸리		"얼음,땅"	육상
220	220	69	메꾸리		"얼음,땅"	육상
221	221	70	코산호		"물,바위"	"수중1,수중3"
222	222	71	총어		물	"수중1,수중2"
223	223	72	대포무노		물	"수중1,수중2"
224	224	73	딜리버드		"얼음,비행"	"수중1,육상"
225	225	74	만타인		"물,비행"	수중1
226	226	75	무장조		"강철,비행"	비행
227	227	76	델빌		"악,불꽃"	육상
228	228	77	헬가		"악,불꽃"	육상
229	229	78	킹드라		"물,드래곤"	"수중1,드래곤"
230	230	79	코코리		땅	육상
231	231	80	코리갑		땅	육상
232	232	81	폴리곤2		노말	광물
233	233	82	노라키		노말	육상
234	234	83	루브도		노말	육상
235	235	84	배루키		격투	알미발견
236	236	85	카포에라		격투	인간형
237	237	86	뽀뽀라		"얼음,에스퍼"	알미발견
238	238	87	에레키드		전기	알미발견
239	239	88	마그비		불꽃	알미발견
240	240	89	밀탱크		노말	육상
241	241	90	해피너스		노말	요정
242	242	91	라이코		전기	알미발견
243	243	92	앤테이		불꽃	알미발견
244	244	93	스이쿤		물	알미발견
245	245	94	애버라스		"바위,땅"	괴수
246	246	95	데기라스		"바위,땅"	괴수
247	247	96	마기라스		"바위,악"	괴수
248	248	97	루기아		"에스퍼,비행"	알미발견
249	249	98	칠색조		"불꽃,비행"	알미발견
250	250	99	세레비		"에스퍼,풀"	알미발견
251	251	0	나무지기		풀	"괴수,드래곤"
252	252	1	나무돌이		풀	"괴수,드래곤"
253	253	2	나무킹		풀	"괴수,드래곤"
254	254	3	아차모		불꽃	육상
255	255	4	영치코		"불꽃,격투"	육상
256	256	5	번치코		"불꽃,격투"	육상
257	257	6	물짱이		물	"괴수,수중1"
258	258	7	늪짱이		"물,땅"	"괴수,수중1"
259	259	8	대짱이		"물,땅"	"괴수,수중1"
260	260	9	포챠나		악	육상
261	261	10	그라에나		악	육상
262	262	11	지그제구리		노말	육상
263	263	12	직구리		노말	육상
264	264	13	개무소		벌레	벌레
265	265	14	실쿤		벌레	벌레
266	266	15	뷰티플라이		"벌레,비행"	벌레
267	267	16	카스쿤		벌레	벌레
268	268	17	독케일		"벌레,독"	벌레
269	269	18	연꽃몬		"물,풀"	"수중1,식물"
270	270	19	로토스		"물,풀"	"수중1,식물"
271	271	20	로파파		"물,풀"	"수중1,식물"
272	272	21	도토링		풀	"육상,식물"
273	273	22	잎새코		"풀,악"	"육상,식물"
274	274	23	다탱구		"풀,악"	"육상,식물"
275	275	24	테일로		"노말,비행"	비행
276	276	25	스왈로		"노말,비행"	비행
277	277	26	갈모매		"물,비행"	"수중1,비행"
278	278	27	패리퍼		"물,비행"	"수중1,비행"
279	279	28	랄토스		"에스퍼,페어리,에스퍼"	부정형
280	280	29	킬리아		"에스퍼,페어리,에스퍼"	부정형
281	281	30	가디안		"에스퍼,페어리,에스퍼"	부정형
282	282	31	비구술		"벌레,물"	"벌레,수중1"
283	283	32	비나방		"벌레,비행"	"수중1,벌레"
284	284	33	버섯꼬		풀	"요정,식물"
285	285	34	버섯모		"풀,격투"	"요정,식물"
286	286	35	게을로		노말	육상
287	287	36	발바로		노말	육상
288	288	37	게을킹		노말	육상
289	289	38	토중몬		"벌레,땅"	벌레
290	290	39	아이스크		"벌레,비행"	벌레
291	291	40	껍질몬		"벌레,고스트"	광물
292	292	41	소곤룡		노말	"괴수,육상"
293	293	42	노공룡		노말	"괴수,육상"
294	294	43	폭음룡		노말	"괴수,육상"
295	295	44	마크탕		격투	인간형
296	296	45	하리뭉		격투	인간형
297	297	46	루리리		"노말,페어리,노말"	알미발견
298	298	47	코코파스		바위	광물
299	299	48	에나비		노말	"육상,요정"
300	300	49	델케티		노말	"육상,요정"
301	301	50	깜까미		"악,고스트"	인간형
302	302	51	입치트		"강철,페어리,강철"	"육상,요정"
303	303	52	가보리		"강철,바위"	괴수
304	304	53	갱도라		"강철,바위"	괴수
305	305	54	보스로라		"강철,바위"	괴수
306	306	55	요가랑		"격투,에스퍼"	인간형
307	307	56	요가램		"격투,에스퍼"	인간형
308	308	57	썬더라이		전기	육상
309	309	58	썬더볼트		전기	육상
310	310	59	플러시		전기	요정
311	311	60	마이농		전기	요정
312	312	61	볼비트		벌레	"벌레,인간형"
313	313	62	네오비트		벌레	"벌레,인간형"
314	314	63	로젤리아		"풀,독"	"요정,식물"
315	315	64	꼴깍몬		독	부정형
316	316	65	꿀꺽몬		독	부정형
317	317	66	샤프니아		"물,악"	수중2
318	318	67	샤크니아		"물,악"	수중2
319	319	68	고래왕자		물	"육상,수중2"
320	320	69	고래왕		물	"육상,수중2"
321	321	70	둔타		"불꽃,땅"	육상
322	322	71	폭타		"불꽃,땅"	육상
323	323	72	코터스		불꽃	육상
324	324	73	피그점프		에스퍼	육상
325	325	74	피그킹		에스퍼	육상
326	326	75	얼루기		노말	"육상,인간형"
327	327	76	톱치		땅	벌레
328	328	77	비브라바		"땅,드래곤"	벌레
329	329	78	플라이곤		"땅,드래곤"	벌레
330	330	79	선인왕		풀	"식물,인간형"
331	331	80	밤선인		"풀,악"	"식물,인간형"
332	332	81	파비코		"노말,비행"	"비행,드래곤"
333	333	82	파비코리		"드래곤,비행"	"비행,드래곤"
334	334	83	쟝고		노말	육상
335	335	84	세비퍼		독	"육상,드래곤"
336	336	85	루나톤		"바위,에스퍼"	광물
337	337	86	솔록		"바위,에스퍼"	광물
338	338	87	미꾸리		"물,땅"	수중2
339	339	88	메깅		"물,땅"	수중2
340	340	89	가재군		물	"수중1,수중3"
341	341	90	가재장군		"물,악"	"수중1,수중3"
342	342	91	오뚝군		"땅,에스퍼"	광물
343	343	92	점토도리		"땅,에스퍼"	광물
344	344	93	릴링		"바위,풀"	수중3
345	345	94	릴리요		"바위,풀"	수중3
346	346	95	아노딥스		"바위,벌레"	수중3
347	347	96	아말도		"바위,벌레"	수중3
348	348	97	빈티나		물	"수중1,드래곤"
349	349	98	밀로틱		물	"수중1,드래곤"
350	350	99	캐스퐁		노말	"요정,부정형"
351	351	100	켈리몬		노말	육상
352	352	101	어둠대신		고스트	부정형
353	353	102	다크펫		고스트	부정형
354	354	103	해골몽		고스트	부정형
355	355	104	미라몽		고스트	부정형
356	356	105	트로피우스		"풀,비행"	"괴수,식물"
357	357	106	치렁		에스퍼	부정형
358	358	107	앱솔		악	육상
359	359	108	마자		에스퍼	알미발견
360	360	109	눈꼬마		얼음	"요정,광물"
361	361	110	얼음귀신		얼음	"요정,광물"
362	362	111	대굴레오		"얼음,물"	"수중1,육상"
363	363	112	씨레오		"얼음,물"	"수중1,육상"
364	364	113	씨카이저		"얼음,물"	"수중1,육상"
365	365	114	진주몽		물	수중1
366	366	115	헌테일		물	수중1
367	367	116	분홍장이		물	수중1
368	368	117	시라칸		"물,바위"	"수중1,수중2"
369	369	118	사랑동이		물	수중2
370	370	119	아공이		드래곤	드래곤
371	371	120	쉘곤		드래곤	드래곤
372	372	121	보만다		"드래곤,비행"	드래곤
373	373	122	메탕		"강철,에스퍼"	광물
374	374	123	메탕구		"강철,에스퍼"	광물
375	375	124	메타그로스		"강철,에스퍼"	광물
376	376	125	레지락		바위	알미발견
377	377	126	레지아이스		얼음	알미발견
378	378	127	레지스틸		강철	알미발견
379	379	128	라티아스		"드래곤,에스퍼"	알미발견
380	380	129	라티오스		"드래곤,에스퍼"	알미발견
381	381	130	가이오가		물	알미발견
382	382	131	그란돈		땅	알미발견
383	383	132	레쿠쟈		"드래곤,비행"	알미발견
384	384	133	지라치		"강철,에스퍼"	알미발견
385	385	134	테오키스		에스퍼	알미발견
386	386	0	모부기		풀	"괴수,식물"
387	387	1	수풀부기		풀	"괴수,식물"
388	388	2	토대부기		"풀,땅"	"괴수,식물"
389	389	3	불꽃숭이		불꽃	"육상,인간형"
390	390	4	파이숭이		"불꽃,격투"	"육상,인간형"
391	391	5	초염몽		"불꽃,격투"	"육상,인간형"
392	392	6	팽도리		물	"수중1,육상"
393	393	7	팽태자		물	"수중1,육상"
394	394	8	엠페르트		"물,강철"	"수중1,육상"
395	395	9	찌르꼬		"노말,비행"	비행
396	396	10	찌르버드		"노말,비행"	비행
397	397	11	찌르호크		"노말,비행"	비행
398	398	12	비버니		노말	"수중1,육상"
399	399	13	비버통		"노말,물"	"수중1,육상"
400	400	14	귀뚤뚜기		벌레	벌레
401	401	15	귀뚤톡크		벌레	벌레
402	402	16	꼬링크		전기	육상
403	403	17	럭시오		전기	육상
404	404	18	렌트라		전기	육상
405	405	19	꼬몽울		"풀,독"	알미발견
406	406	20	로즈레이드		"풀,독"	"요정,식물"
407	407	21	두개도스		바위	괴수
408	408	22	램펄드		바위	괴수
409	409	23	방패톱스		"바위,강철"	괴수
410	410	24	바리톱스		"바위,강철"	괴수
411	411	25	도롱충이		벌레	벌레
412	412	26	도롱마담		"벌레,풀"	벌레
413	413	27	나메일		"벌레,비행"	벌레
414	414	28	세꿀버리		"벌레,비행"	벌레
415	415	29	비퀸		"벌레,비행"	벌레
416	416	30	파치리스		전기	"육상,요정"
417	417	31	브이젤		물	"수중1,육상"
418	418	32	플로젤		물	"수중1,육상"
419	419	33	체리버		풀	"요정,식물"
420	420	34	체리꼬		풀	"요정,식물"
421	421	35	깝질무		물	"수중1,부정형"
422	422	36	트리토돈		"물,땅"	"수중1,부정형"
423	423	37	겟핸보숭		노말	육상
424	424	38	흔들풍손		"고스트,비행"	부정형
425	425	39	둥실라이드		"고스트,비행"	부정형
426	426	40	이어롤		노말	"육상,인간형"
427	427	41	이어롭		노말	"육상,인간형"
428	428	42	무우마직		고스트	부정형
429	429	43	돈크로우		"악,비행"	비행
430	430	44	나옹마		노말	육상
431	431	45	몬냥이		노말	육상
432	432	46	랑딸랑		에스퍼	알미발견
433	433	47	스컹뿡		"독,악"	육상
434	434	48	스컹탱크		"독,악"	육상
435	435	49	동미러		"강철,에스퍼"	광물
436	436	50	동탁군		"강철,에스퍼"	광물
437	437	51	꼬지지		바위	알미발견
438	438	52	흉내내		"에스퍼,페어리,에스퍼"	알미발견
439	439	53	핑복		노말	알미발견
440	440	54	페라페		"노말,비행"	비행
441	441	55	화강돌		"고스트,악"	부정형
442	442	56	딥상어동		"드래곤,땅"	"괴수,드래곤"
443	443	57	한바이트		"드래곤,땅"	"괴수,드래곤"
444	444	58	한카리아스		"드래곤,땅"	"괴수,드래곤"
445	445	59	먹고자		노말	알미발견
446	446	60	리오르		격투	알미발견
447	447	61	루카리오		"격투,강철"	"육상,인간형"
448	448	62	히포포타스		땅	육상
449	449	63	하마돈		땅	육상
450	450	64	스콜피		"독,벌레"	"벌레,수중3"
451	451	65	드래피온		"독,악"	"벌레,수중3"
452	452	66	삐딱구리		"독,격투"	인간형
453	453	67	독개굴		"독,격투"	인간형
454	454	68	무스틈니		풀	식물
455	455	69	형광어		물	수중2
456	456	70	네오라이트		물	수중2
457	457	71	타만타		"물,비행"	알미발견
458	458	72	눈쓰개		"풀,얼음"	"괴수,식물"
459	459	73	눈설왕		"풀,얼음"	"괴수,식물"
460	460	74	포푸니라		"악,얼음"	육상
461	461	75	자포코일		"전기,강철"	광물
462	462	76	내룸벨트		노말	괴수
463	463	77	거대코뿌리		"땅,바위"	"괴수,육상"
464	464	78	덩쿠림보		풀	식물
465	465	79	에레키블		전기	인간형
466	466	80	마그마번		불꽃	인간형
467	467	81	토게키스		"페어리,비행,노말,비행"	"비행,요정"
468	468	82	메가자리		"벌레,비행"	벌레
469	469	83	리피아		풀	육상
470	470	84	글레이시아		얼음	육상
471	471	85	글라이온		"땅,비행"	벌레
472	472	86	맘모꾸리		"얼음,땅"	육상
473	473	87	폴리곤Z		노말	광물
474	474	88	엘레이드		"에스퍼,격투"	부정형
475	475	89	대코파스		"바위,강철"	광물
476	476	90	야느와르몽		고스트	부정형
477	477	91	눈여아		"얼음,고스트"	"요정,광물"
478	479	93	유크시		에스퍼	알미발견
479	480	94	엠라이트		에스퍼	알미발견
480	481	95	아그놈		에스퍼	알미발견
481	482	96	디아루가		"강철,드래곤"	알미발견
482	483	97	펄기아		"물,드래곤"	알미발견
483	484	98	히드런		"불꽃,강철"	알미발견
484	485	99	레지기가스		노말	알미발견
485	486	100	기라티나		"고스트,드래곤"	알미발견
486	487	101	크레세리아		에스퍼	알미발견
487	488	102	피오네		물	"수중1,요정"
488	489	103	마나피		물	"수중1,요정"
489	490	104	다크라이		악	알미발견
490	491	105	쉐이미		풀	알미발견
491	492	106	아르세우스		노말	알미발견
492	494	1	주리비얀		풀	"육상,식물"
493	495	2	샤비		풀	"육상,식물"
494	496	3	샤로다		풀	"육상,식물"
495	497	4	뚜꾸리		불꽃	육상
496	498	5	차오꿀		"불꽃,격투"	육상
497	499	6	염무왕		"불꽃,격투"	육상
498	500	7	수댕이		물	육상
499	501	8	쌍검자비		물	육상
500	502	9	대검귀		물	육상
501	503	10	보르쥐		노말	육상
502	504	11	보르그		노말	육상
503	505	12	요테리		노말	육상
504	506	13	하데리어		노말	육상
505	507	14	바랜드		노말	육상
506	508	15	쌔비냥		악	육상
507	509	16	레파르다스		악	육상
508	510	17	야나프		풀	육상
509	511	18	야나키		풀	육상
510	512	19	바오프		불꽃	육상
511	513	20	바오키		불꽃	육상
512	514	21	앗차프		물	육상
513	515	22	앗차키		물	육상
514	516	23	몽나		에스퍼	육상
515	517	24	몽얌나		에스퍼	육상
516	518	25	콩둘기		"노말,비행"	비행
517	519	26	유토브		"노말,비행"	비행
518	520	27	켄호로우		"노말,비행"	비행
519	521	28	줄뮤마		전기	육상
520	522	29	제브라이카		전기	육상
521	523	30	단굴		바위	광물
522	524	31	암트르		바위	광물
523	525	32	기가이어스		바위	광물
524	526	33	또르박쥐		"에스퍼,비행"	"육상,비행"
525	527	34	맘박쥐		"에스퍼,비행"	"육상,비행"
526	528	35	두더류		땅	육상
527	529	36	몰드류		"땅,강철"	육상
528	530	37	다부니		노말	요정
529	531	38	으랏차		격투	인간형
530	532	39	토쇠골		격투	인간형
531	533	40	노보청		격투	인간형
532	534	41	동챙이		물	수중1
533	535	42	두까비		"물,땅"	수중1
534	536	43	두빅굴		"물,땅"	수중1
535	537	44	던지미		격투	인간형
536	538	45	타격귀		격투	인간형
537	539	46	두르보		"벌레,풀"	벌레
538	540	47	두르쿤		"벌레,풀"	벌레
539	541	48	모아머		"벌레,풀"	벌레
540	542	49	마디네		"벌레,독"	벌레
541	543	50	휠구		"벌레,독"	벌레
542	544	51	펜드라		"벌레,독"	벌레
543	545	52	소미안		"풀,페어리,풀"	"식물,요정"
544	546	53	엘풍		"풀,페어리,풀"	"식물,요정"
545	547	54	치릴리		풀	식물
546	548	55	드레디어		풀	식물
547	549	56	배쓰나이		물	수중2
548	550	57	깜눈크		"땅,악"	육상
549	551	58	악비르		"땅,악"	육상
550	552	59	악비아르		"땅,악"	육상
551	553	60	달막화		불꽃	육상
552	554	61	불비달마		불꽃	육상
553	555	62	마라카치		풀	식물
554	556	63	돌살이		"벌레,바위"	"벌레,광물"
555	557	64	암팰리스		"벌레,바위"	"벌레,광물"
556	558	65	곤율랭		"악,격투"	"육상,드래곤"
557	559	66	곤율거니		"악,격투"	"육상,드래곤"
558	560	67	심보러		"에스퍼,비행"	비행
559	561	68	데스마스		고스트	"광물,부정형"
560	562	69	데스니칸		고스트	"광물,부정형"
561	563	70	프로토가		"물,바위"	"수중1,수중3"
562	564	71	늑골라		"물,바위"	"수중1,수중3"
563	565	72	아켄		"바위,비행"	"비행,수중3"
564	566	73	아케오스		"바위,비행"	"비행,수중3"
565	567	74	깨봉이		독	광물
566	568	75	더스트나		독	광물
567	569	76	조로아		악	육상
568	570	77	조로아크		악	육상
569	571	78	치라미		노말	육상
570	572	79	치라치노		노말	육상
571	573	80	고디탱		에스퍼	인간형
572	574	81	고디보미		에스퍼	인간형
573	575	82	고디모아젤		에스퍼	인간형
574	576	83	유니란		에스퍼	부정형
575	577	84	듀란		에스퍼	부정형
576	578	85	란쿨루스		에스퍼	부정형
577	579	86	꼬지보리		"물,비행"	"수중1,비행"
578	580	87	스완나		"물,비행"	"수중1,비행"
579	581	88	바닐프티		얼음	광물
580	582	89	바닐리치		얼음	광물
581	583	90	배바닐라		얼음	광물
582	584	91	사철록		"노말,풀"	육상
583	585	92	바라철록		"노말,풀"	육상
584	586	93	에몽가		"전기,비행"	육상
585	587	94	딱정곤		벌레	벌레
586	588	95	슈바르고		"벌레,강철"	벌레
587	589	96	깜놀버슬		"풀,독"	식물
588	590	97	뽀록나		"풀,독"	식물
589	591	98	탱그릴		"물,고스트"	부정형
590	592	99	탱탱겔		"물,고스트"	부정형
591	593	100	맘복치		물	"수중1,수중2"
592	594	101	파쪼옥		"벌레,전기"	벌레
593	595	102	전툴라		"벌레,전기"	벌레
594	596	103	철시드		"풀,강철"	"식물,광물"
595	597	104	너트령		"풀,강철"	"식물,광물"
596	598	105	기어르		강철	광물
597	599	106	기기어르		강철	광물
598	600	107	기기기어르		강철	광물
599	601	108	저리어		전기	부정형
600	602	109	저리릴		전기	부정형
601	603	110	저리더프		전기	부정형
602	604	111	리그레		에스퍼	인간형
603	605	112	벰크		에스퍼	인간형
604	606	113	불켜미		"고스트,불꽃"	부정형
605	607	114	램프라		"고스트,불꽃"	부정형
606	608	115	샹델라		"고스트,불꽃"	부정형
607	609	116	터검니		드래곤	"괴수,드래곤"
608	610	117	액슨도		드래곤	"괴수,드래곤"
609	611	118	액스라이즈		드래곤	"괴수,드래곤"
610	612	119	코고미		얼음	육상
611	613	120	툰베어		얼음	육상
612	614	121	프리지오		얼음	광물
613	615	122	쪼마리		벌레	벌레
614	616	123	어지리더		벌레	벌레
615	617	124	메더		"땅,전기"	"수중1,부정형"
616	618	125	비조푸		격투	"육상,인간형"
617	619	126	비조도		격투	"육상,인간형"
618	620	127	크리만		드래곤	"드래곤,괴수"
619	621	128	골비람		"땅,고스트"	광물
620	622	129	골루그		"땅,고스트"	광물
621	623	130	자망칼		"악,강철"	인간형
622	624	131	절각참		"악,강철"	인간형
623	625	132	버프론		노말	육상
624	626	133	수리둥보		"노말,비행"	비행
625	627	134	워글		"노말,비행"	비행
626	628	135	벌차이		"악,비행"	비행
627	629	136	버랜지나		"악,비행"	비행
628	630	137	앤티골		불꽃	육상
629	631	138	아이앤트		"벌레,강철"	벌레
630	632	139	모노두		"악,드래곤"	드래곤
631	633	140	디헤드		"악,드래곤"	드래곤
632	634	141	삼삼드래		"악,드래곤"	드래곤
633	635	142	활화르바		"벌레,불꽃"	벌레
634	636	143	불카모스		"벌레,불꽃"	벌레
635	637	144	코바르온		"강철,격투"	알미발견
636	638	145	테라키온		"바위,격투"	알미발견
637	639	146	비리디온		"풀,격투"	알미발견
638	640	147	토네로스		비행	알미발견
639	641	148	볼트로스		"전기,비행"	알미발견
640	642	149	레시라무		"드래곤,불꽃"	알미발견
641	643	150	제크로무		"드래곤,전기"	알미발견
642	644	151	랜드로스		"땅,비행"	알미발견
643	645	152	큐레무		"드래곤,얼음"	알미발견
644	646	153	케르디오		"물,격투"	알미발견
645	647	154	메로엣타		"노말,에스퍼"	알미발견
646	648	155	게노세크트		"벌레,강철"	알미발견
647	649	0	도치마론		풀	육상
648	650	1	도치보구		풀	육상
649	651	2	브리가론		"풀,격투"	육상
650	652	3	푸호꼬		불꽃	육상
651	653	4	테르나		불꽃	육상
652	654	5	마폭시		"불꽃,에스퍼"	육상
653	655	6	개구마르		물	수중1
654	656	7	개굴반장		물	수중1
655	657	8	개굴닌자		"물,악"	수중1
656	658	9	파르빗		노말	육상
657	659	10	파르토		"노말,땅"	육상
658	660	11	화살꼬빈		"노말,비행"	비행
659	661	12	불화살빈		"불꽃,비행"	비행
660	662	13	파이어로		"불꽃,비행"	비행
661	663	14	분이벌레		벌레	벌레
662	664	15	분떠도리		벌레	벌레
663	665	16	비비용		"벌레,비행"	벌레
664	666	17	레오꼬		"불꽃,노말"	육상
665	667	18	화염레오		"불꽃,노말"	육상
666	668	19	플라베베		페어리	요정
667	669	20	플라엣테		페어리	요정
668	670	21	플라제스		페어리	요정
669	671	22	메이클		풀	육상
670	672	23	고고트		풀	육상
671	673	24	판짱		격투	"인간형,육상"
672	674	25	부란다		"격투,악"	"인간형,육상"
673	675	26	트리미앙		노말	육상
674	676	27	냐스퍼		에스퍼	육상
675	677	28	냐오닉스		에스퍼	육상
676	678	29	단칼빙		"강철,고스트"	광물
677	679	30	쌍검킬		"강철,고스트"	광물
678	680	31	킬가르도		"강철,고스트"	광물
679	681	32	슈쁘		페어리	요정
680	682	33	프레프티르		페어리	요정
681	683	34	나룸퍼프		페어리	요정
682	684	35	나루림		페어리	요정
683	685	36	오케이징		"악,에스퍼"	"수중1,수중2"
684	686	37	칼라마네로		"악,에스퍼"	"수중1,수중2"
685	687	38	거북손손		"바위,물"	수중3
686	688	39	거북손데스		"바위,물"	수중3
687	689	40	수레기		"독,물"	"수중1,드래곤"
688	690	41	드래캄		"독,드래곤"	"수중1,드래곤"
689	691	42	완철포		물	"수중1,수중3"
690	692	43	블로스터		물	"수중1,수중3"
691	693	44	목도리키텔		"전기,노말"	"드래곤,괴수"
692	694	45	일레도리자드		"전기,노말"	"드래곤,괴수"
693	695	46	티고라스		"바위,드래곤"	"드래곤,괴수"
694	696	47	견고라스		"바위,드래곤"	"드래곤,괴수"
695	697	48	아마루스		"바위,얼음"	괴수
696	698	49	아마루르가		"바위,얼음"	괴수
697	699	50	님피아		페어리	육상
698	700	51	루차불		"격투,비행"	인간형
699	701	52	데덴네		"전기,페어리"	"육상,요정"
700	702	53	멜리시		"바위,페어리"	"요정,광물"
701	703	54	미끄메라		드래곤	드래곤
702	704	55	미끄네일		드래곤	드래곤
703	705	56	미끄래곤		드래곤	드래곤
704	706	57	클레피		"강철,페어리"	광물
705	707	58	나목령		"고스트,풀"	"부정형,식물"
706	708	59	대로트		"고스트,풀"	"부정형,식물"
707	709	60	호바귀		"고스트,풀"	부정형
708	710	61	펌킨인		"고스트,풀"	부정형
709	711	62	꽁어름		얼음	괴수
710	712	63	크레베이스		얼음	괴수
711	713	64	음뱃		"비행,드래곤"	비행
712	714	65	음번		"비행,드래곤"	비행
713	715	66	제르네아스		페어리	알미발견
714	716	67	이벨타르		"악,비행"	알미발견
715	717	68	지가르데		"드래곤,땅"	알미발견
716	718	69	디안시		"바위,페어리"	알미발견
717	719	70	후파		"에스퍼,고스트"	알미발견
718	720	71	볼케니온		"불꽃,물"	알미발견
719	721	0	나몰빼미		"풀,비행"	비행
720	722	1	빼미스로우		"풀,비행"	비행
721	723	2	모크나이퍼		"풀,고스트"	비행
722	724	3	냐오불		불꽃	육상
723	725	4	냐오히트		불꽃	육상
724	726	5	어흥염		"불꽃,악"	육상
725	729	8	누리레느		"물,페어리"	"수중1,육상"
726	730	9	콕코구리		"노말,비행"	비행
727	731	10	크라파		"노말,비행"	비행
728	732	11	왕큰부리		"노말,비행"	비행
729	733	12	영구스		노말	육상
730	734	13	형사구스		노말	육상
731	735	14	턱지충이		벌레	벌레
732	736	15	전지충이		"벌레,전기"	벌레
733	737	16	투구뿌논		"벌레,전기"	벌레
734	738	17	오기지게		격투	수중3
735	739	18	모단단게		"격투,얼음"	수중3
736	740	19	춤추새		"불꽃,비행"	비행
737	741	20	에블리		"벌레,페어리"	"벌레,요정"
738	742	21	에리본		"벌레,페어리"	"벌레,요정"
739	743	22	암멍이		바위	육상
740	744	23	루가루암		바위	육상
741	745	24	약어리		물	수중2
742	746	25	시마사리		"독,물"	수중1
743	747	26	더시마사리		"독,물"	수중1
744	748	27	머드나기		땅	육상
745	749	28	만마드		땅	육상
746	750	29	물거미		"물,벌레"	"수중1,벌레"
747	751	30	깨비물거미		"물,벌레"	"수중1,벌레"
748	752	31	짜랑랑		풀	식물
749	753	32	라란티스		풀	식물
750	754	33	자마슈		"풀,페어리"	식물
751	755	34	마셰이드		"풀,페어리"	식물
752	756	35	야도뇽		"독,불꽃"	"괴수,드래곤"
753	757	36	염뉴트		"독,불꽃"	"괴수,드래곤"
754	758	37	포곰곰		"노말,격투"	육상
755	759	38	이븐곰		"노말,격투"	육상
756	760	39	달콤아		풀	식물
757	761	40	달무리나		풀	식물
758	762	41	달코퀸		풀	식물
759	763	42	큐아링		페어리	식물
760	764	43	하랑우탄		"노말,에스퍼"	육상
761	765	44	내던숭이		격투	육상
762	766	45	꼬시레		"벌레,물"	"벌레,수중3"
763	767	46	갑주무사		"벌레,물"	"벌레,수중3"
764	768	47	모래꿍		"고스트,땅"	부정형
765	769	48	모래성이당		"고스트,땅"	부정형
766	770	49	해무기		물	수중1
767	771	50	타입:널		노말	알미발견
768	772	51	실버디		노말	알미발견
769	773	52	메테노		"바위,비행"	광물
770	774	53	자말라		노말	육상
771	775	54	폭거북스		"불꽃,드래곤"	"괴수,드래곤"
772	776	55	토게데마루		"전기,강철"	"육상,요정"
773	777	56	따라큐		"고스트,페어리"	부정형
774	778	57	치갈기		"물,에스퍼"	수중2
775	779	58	할비롱		"노말,드래곤"	"괴수,드래곤"
776	780	59	타타륜		"고스트,풀"	부정형
777	781	60	짜랑꼬		드래곤	드래곤
778	782	61	짜랑고우		"드래곤,격투"	드래곤
779	783	62	짜랑고우거		"드래곤,격투"	드래곤
780	784	63	카푸꼬꼬꼭		"전기,페어리"	알미발견
781	785	64	카푸나비나		"에스퍼,페어리"	알미발견
782	786	65	카푸브루루		"풀,페어리"	알미발견
783	787	66	카푸느지느		"물,페어리"	알미발견
784	788	67	코스모그		에스퍼	알미발견
785	789	68	코스모움		에스퍼	알미발견
786	790	69	솔가레오		"에스퍼,강철"	알미발견
787	791	70	루나아라		"에스퍼,고스트"	알미발견
788	792	71	텅비드		"바위,독"	알미발견
789	793	72	매시붕		"벌레,격투"	알미발견
790	794	73	페로코체		"벌레,격투"	알미발견
791	795	74	전수목		전기	알미발견
792	796	75	철화구야		"강철,비행"	알미발견
793	797	76	종이신도		"풀,강철"	알미발견
794	798	77	악식킹		"악,드래곤"	알미발견
795	799	78	네크로즈마		에스퍼	알미발견
796	800	79	마기아나		"강철,페어리"	알미발견
797	801	80	마샤도		"격투,고스트"	알미발견
798	802	81	베베놈		독	알미발견
799	803	82	아고용		"독,드래곤"	알미발견
800	804	83	차곡차곡		"바위,강철"	알미발견
801	805	84	두파팡		"불꽃,고스트"	알미발견
802	806	85	제라오라		전기	알미발견
